{"cameraMode":{"drawMode":0,"name":"Shaded","section":"Shading Mode"},"sceneLighting":true,"audioPlay":false,"sceneViewState":{"m_AlwaysRefresh":false,"showFog":true,"showSkybox":true,"showFlares":true,"showImageEffects":true,"showParticleSystems":true,"showVisualEffectGraphs":true,"m_FxEnabled":true},"in2DMode":false,"pivot":{"x":-31.632150650024415,"y":5.4345598220825199,"z":-46.020965576171878},"rotation":{"x":0.002457406371831894,"y":0.9974904656410217,"z":-0.056323785334825519,"w":0.04336823150515556},"size":2.439870595932007,"orthographic":false}